Date,Adj Close
2010/5/18,6.594212
2010/5/19,7.253457
2010/5/20,7.244643
2010/5/21,7.969107
2010/5/24,8.549033
2010/5/25,8.50144
2010/5/26,8.355137
2010/5/27,8.637166
2010/5/28,8.140089
2010/5/31,8.279341
2010/6/1,8.295206
2010/6/2,9.106042
2010/6/3,8.935061
2010/6/4,9.173023
2010/6/7,9.403934
2010/6/8,9.185365
2010/6/9,9.067263
2010/6/10,9.328138
2010/6/11,9.130719
2010/6/15,9.130719
2010/6/17,8.30402
2010/6/18,8.129513
2010/6/21,8.423881
2010/6/22,8.529643
2010/6/23,8.496151
2010/6/24,8.584287
2010/6/25,8.312832
2010/6/28,7.984972
2010/6/29,7.457928
2010/6/30,7.341591
2010/7/1,7.338066
2010/7/2,7.264034
2010/7/5,7.313389
2010/7/6,7.556639
2010/7/7,7.738195
2010/7/8,7.738195
2010/7/9,7.87216
2010/7/12,8.000835
2010/7/13,7.999074
2010/7/14,7.77345
2010/7/15,7.422675
2010/7/16,7.44559
2010/7/19,7.553114
2010/7/20,8.267002
2010/7/21,8.244086
2010/7/22,8.247614
2010/7/23,8.205308
2010/7/26,8.302257
2010/7/27,8.429168
2010/7/28,8.614251
2010/7/29,8.617776
2010/7/30,8.515541
2010/8/2,8.601912
2010/8/3,8.524356
2010/8/4,8.635405
2010/8/5,8.742929
2010/8/6,8.742929
2010/8/9,8.619538
2010/8/10,8.298732
2010/8/11,8.480289
2010/8/12,8.483814
2010/8/13,8.735879
2010/8/16,8.848689
2010/8/17,8.984416
2010/8/18,9.053161
2010/8/19,8.831061
2010/8/20,8.984416
2010/8/23,9.165972
2010/8/24,9.007332
2010/8/25,8.64598
2010/8/26,8.58076
2010/8/27,8.753505
2010/8/30,8.943874
2010/8/31,8.936824
2010/9/1,9.024958
2010/9/2,9.040821
2010/9/3,9.945082
2010/9/6,9.705355
2010/9/7,9.589019
2010/9/8,9.967996
2010/9/9,10.563785
2010/9/10,10.556734
2010/9/13,11.016793
2010/9/14,10.824661
2010/9/15,10.221822
2010/9/16,10.331107
2010/9/17,10.064945
2010/9/20,10.179519
2010/9/21,9.91864
2010/9/27,10.294094
2010/9/28,10.191855
2010/9/29,10.047317
2010/9/30,10.133685
2010/10/8,10.338159
2010/10/11,10.16013
2010/10/12,9.712404
2010/10/13,9.754711
2010/10/14,9.183599
2010/10/15,9.338715
2010/10/18,8.81167
2010/10/19,9.292886
2010/10/20,9.430375
2010/10/21,9.694779
2010/10/22,9.782912
2010/10/25,10.064945
2010/10/26,10.597275
2010/10/27,10.443919
2010/10/28,11.140182
2010/10/29,11.760649
2010/11/1,11.968645
2010/11/2,11.757125
2010/11/3,11.069674
2010/11/4,11.441602
2010/11/5,12.211894
2010/11/8,12.488639
2010/11/9,12.250675
2010/11/10,12.744227
2010/11/11,12.973376
2010/11/12,12.53094
2010/11/15,13.572691
2010/11/16,13.916413
2010/11/17,14.029227
2010/11/18,14.029227
2010/11/19,14.399389
2010/11/22,15.375918
2010/11/23,15.841267
2010/11/24,15.860659
2010/11/25,15.423511
2010/11/26,15.596255
2010/11/29,15.918829
2010/11/30,14.79952
2010/12/1,14.808334
2010/12/2,14.736064
2010/12/3,14.540406
2010/12/6,14.656744
2010/12/7,14.503388
2010/12/8,15.104466
2010/12/9,15.018094
2010/12/10,14.947585
2010/12/13,15.072737
2010/12/14,14.582709
2010/12/15,14.771317
2010/12/16,14.559795
2010/12/17,14.43288
2010/12/20,14.277766
2010/12/21,14.207258
2010/12/22,14.52454
2010/12/23,14.101495
2010/12/24,13.74896
2010/12/27,13.44754
2010/12/28,13.44754
2010/12/29,13.262459
2010/12/30,13.13202
2010/12/31,13.659062
2011/1/4,14.268952
2011/1/5,14.198444
2011/1/6,13.273033
2011/1/7,12.562672
2011/1/10,11.887562
2011/1/11,11.61787
2011/1/12,11.577331
2011/1/13,11.623158
2011/1/14,10.727714
2011/1/17,10.278231
2011/1/18,10.428057
2011/1/19,10.717139
2011/1/20,10.205957
2011/1/21,10.466836
2011/1/24,10.047317
2011/1/25,9.448004
2011/1/26,9.626036
2011/1/27,9.765286
2011/1/28,9.97857
2011/1/31,10.117823
2011/2/1,10.216534
2011/2/9,9.906301
2011/2/10,10.220059
2011/2/11,11.242416
2011/2/14,11.780039
2011/2/15,11.547363
2011/2/16,12.340571
2011/2/17,12.58206
2011/2/18,12.197795
2011/2/21,12.227758
2011/2/22,11.824103
2011/2/23,11.940444
2011/2/24,11.951017
2011/2/25,12.335284
2011/2/28,12.335284
2011/3/1,12.423419
2011/3/2,12.026812
2011/3/3,12.039153
2011/3/4,12.123762
2011/3/7,13.33649
2011/3/8,13.493367
2011/3/9,13.696078
2011/3/10,13.960483
2011/3/11,13.905838
2011/3/14,13.907601
2011/3/15,14.683183
2011/3/16,14.596811
2011/3/17,13.85472
2011/3/18,13.604419
2011/3/21,13.574452
2011/3/22,13.976347
2011/3/23,13.807128
2011/3/24,14.327121
2011/3/25,13.979872
2011/3/28,14.612676
2011/3/29,14.438169
2011/3/30,13.74896
2011/3/31,13.39642
2011/4/1,14.134988
2011/4/6,13.868821
2011/4/7,13.882924
2011/4/8,14.097972
2011/4/11,13.604419
2011/4/12,13.747197
2011/4/13,13.62557
2011/4/14,14.120886
2011/4/15,14.586235
2011/4/18,13.731333
2011/4/19,13.731333
2011/4/20,12.811211
2011/4/21,12.603213
2011/4/22,12.603213
2011/4/25,11.739495
2011/4/26,11.82058
2011/4/27,11.33584
2011/4/28,11.439837
2011/4/29,12.327268
2011/5/3,null
2011/5/4,12.03075
2011/5/5,12.205442
2011/5/6,12.607694
2011/5/9,12.2721
2011/5/10,12.380135
2011/5/11,12.14798
2011/5/12,11.833075
2011/5/13,11.752624
2011/5/16,11.619305
2011/5/17,11.515869
2011/5/18,11.639992
2011/5/19,11.414733
2011/5/20,10.929732
2011/5/23,10.357388
2011/5/24,9.966628
2011/5/25,9.952837
2011/5/26,10.279237
2011/5/27,9.998807
2011/5/30,9.722979
2011/5/31,10.0149
2011/6/1,10.182693
2011/6/2,10.182693
2011/6/3,10.338997
2011/6/7,10.371179
2011/6/8,10.481508
2011/6/9,10.044781
2011/6/10,9.808027
2011/6/13,9.791938
2011/6/14,null
2011/6/15,null
2011/6/16,9.791938
2011/6/17,9.594261
2011/6/20,9.6885
2011/6/21,9.722979
2011/6/22,9.656322
2011/6/23,10.205681
2011/6/24,10.265445
2011/6/27,10.596439
2011/6/28,10.483807
2011/6/29,11.028571
2011/6/30,11.837671
2011/7/1,11.658381
2011/7/4,11.883641
2011/7/5,11.931911
2011/7/6,11.67447
2011/7/7,11.552646
2011/7/8,11.511274
2011/7/11,11.561842
2011/7/12,11.561842
2011/7/13,11.784803
2011/7/14,11.515869
2011/7/15,11.541155
2011/7/18,11.722742
2011/7/19,11.40094
2011/7/20,11.132008
2011/7/21,11.03087
2011/7/22,10.821697
2011/7/25,10.040183
2011/7/26,10.180396
2011/7/27,10.35049
2011/7/28,10.256249
2011/7/29,11.281415
2011/8/1,11.286012
2011/8/2,11.573333
2011/8/3,11.456105
2011/8/4,11.442316
2011/8/5,11.03087
2011/8/8,10.343596
2011/8/9,10.38727
2011/8/10,10.235562
2011/8/11,10.527481
2011/8/12,10.699876
2011/8/15,11.136604
2011/8/16,11.060751
2011/8/17,11.256129
2011/8/18,11.033167
2011/8/19,10.828595
2011/8/22,10.980301
2011/8/23,11.125111
2011/8/24,11.07684
2011/8/25,11.120514
2011/8/26,11.308999
2011/8/29,11.481391
2011/8/30,11.081439
2011/8/31,11.134304
2011/9/1,10.920539
2011/9/2,10.62632
2011/9/5,10.325208
2011/9/6,10.430942
2011/9/7,10.80561
2011/9/8,10.80561
2011/9/9,10.587245
2011/9/13,10.265445
2011/9/14,10.410253
2011/9/15,10.502197
2011/9/16,10.538973
2011/9/19,10.773429
2011/9/20,11.423926
2011/9/21,11.561842
2011/9/22,11.060751
2011/9/23,11.152694
2011/9/26,10.895254
2011/9/27,11.263025
2011/9/28,10.867671
2011/9/29,10.226367
2011/9/30,10.414851
2011/10/10,10.706771
2011/10/11,10.630917
2011/10/12,11.028571
2011/10/13,11.377955
2011/10/14,11.265325
2011/10/17,11.102125
2011/10/18,10.661717
2011/10/19,9.900431
2011/10/20,9.705509
2011/10/21,9.698155
2011/10/24,9.451747
2011/10/25,9.852619
2011/10/26,9.701833
2011/10/27,9.639312
2011/10/28,9.885721
2011/10/31,10.154192
2011/11/1,10.525642
2011/11/2,10.492543
2011/11/3,10.253492
2011/11/4,10.003406
2011/11/7,10.051215
2011/11/8,9.830553
2011/11/9,9.999728
2011/11/10,10.198324
2011/11/11,10.139482
2011/11/14,10.915481
2011/11/15,10.915481
2011/11/16,10.477833
2011/11/17,10.433698
2011/11/18,10.3675
2011/11/21,10.316011
2011/11/22,10.036507
2011/11/23,9.874684
2011/11/24,9.712865
2011/11/25,9.554724
2011/11/28,9.775387
2011/11/29,9.837909
2011/11/30,9.150173
2011/12/1,9.172241
2011/12/2,8.815502
2011/12/5,8.216033
2011/12/6,8.109379
2011/12/7,8.09099
2011/12/8,8.429339
2011/12/9,8.532317
2011/12/12,8.561739
2011/12/13,8.153511
2011/12/14,8.429339
2011/12/15,8.227065
2011/12/16,8.293265
2011/12/19,8.201322
2011/12/20,8.061567
2011/12/21,7.726896
2011/12/22,7.208337
2011/12/23,7.274535
2011/12/26,6.987673
2011/12/27,6.50957
2011/12/28,6.244773
2011/12/29,6.244773
2011/12/30,6.520603
2012/1/4,6.182251
2012/1/5,5.682082
2012/1/6,5.865968
2012/1/9,6.215352
2012/1/10,6.641967
2012/1/11,6.667711
2012/1/12,6.781722
2012/1/13,6.424982
2012/1/16,6.013077
2012/1/17,6.546346
2012/1/18,6.329361
2012/1/19,6.546346
2012/1/20,6.505892
2012/1/30,6.436015
2012/1/31,6.583124
2012/2/1,6.384527
2012/2/2,6.513247
2012/2/3,6.803788
2012/2/6,6.947219
2012/2/7,6.682422
2012/2/8,6.903086
2012/2/9,7.050195
2012/2/10,6.921474
2012/2/13,7.116394
2012/2/14,7.050195
2012/2/15,7.193626
2012/2/16,7.164204
2012/2/17,7.245114
2012/2/20,7.200981
2012/2/21,7.193626
2012/2/22,7.39958
2012/2/23,7.576108
2012/2/24,7.645987
2012/2/27,7.679084
2012/2/28,7.487844
2012/2/29,7.318667
2012/3/1,7.351767
2012/3/2,7.502555
2012/3/5,7.34809
2012/3/6,7.370156
2012/3/7,7.30028
2012/3/8,7.432678
2012/3/9,7.712183
2012/3/12,7.999048
2012/3/13,7.969623
2012/3/14,7.436356
2012/3/15,7.539331
2012/3/16,7.877681
2012/3/19,8.392565
2012/3/20,7.988014
2012/3/21,8.760336
2012/3/22,8.513927
2012/3/23,8.21971
2012/3/26,8.212355
2012/3/27,8.227065
2012/3/28,7.403256
2012/3/29,6.987673
2012/3/30,6.689778
2012/4/5,7.017095
2012/4/6,7.145814
2012/4/9,6.914118
2012/4/10,6.914118
2012/4/11,7.123749
2012/4/12,7.281892
2012/4/13,7.47681
2012/4/16,7.351767
2012/4/17,7.083294
2012/4/18,7.451067
2012/4/19,7.531977
2012/4/20,7.359123
2012/4/23,7.033857
2012/4/24,7.170617
2012/4/25,6.989505
2012/4/26,6.841655
2012/4/27,6.826871
2012/5/2,7.011681
2012/5/3,6.934062
2012/5/4,7.033857
2012/5/7,7.152136
2012/5/8,7.240845
2012/5/9,7.022769
2012/5/10,6.9932
2012/5/11,6.952542
2012/5/14,6.804693
2012/5/15,6.579226
2012/5/16,6.505303
2012/5/17,6.630973
2012/5/18,6.619883
2012/5/21,6.545961
2012/5/22,6.693808
2012/5/23,6.608796
2012/5/24,6.575531
2012/5/25,6.357455
2012/5/28,6.242872
2012/5/29,6.423986
2012/5/30,6.457252
2012/5/31,6.616188
2012/6/1,6.778821
2012/6/4,6.627276
2012/6/5,6.586619
2012/6/6,6.800998
2012/6/7,6.764036
2012/6/8,6.841655
2012/6/11,6.941453
2012/6/12,6.922972
2012/6/13,7.067124
2012/6/14,7.355427
2012/6/15,7.529148
2012/6/18,7.525452
2012/6/19,7.451529
2012/6/20,7.492187
2012/6/21,7.521757
2012/6/25,7.373908
2012/6/26,7.451529
2012/6/27,7.699173
2012/6/28,7.558717
2012/6/29,7.484795
2012/7/2,7.640033
2012/7/3,7.680692
2012/7/4,7.606769
2012/7/5,7.303679
2012/7/6,7.651122
2012/7/9,7.577199
2012/7/10,7.577199
2012/7/11,7.93573
2012/7/12,7.950515
2012/7/13,7.983779
2012/7/16,7.762009
2012/7/17,7.70287
2012/7/18,7.791579
2012/7/19,7.806362
2012/7/20,7.872894
2012/7/23,7.968995
2012/7/24,8.260995
2012/7/25,7.968995
2012/7/26,7.747224
2012/7/27,7.680692
2012/7/30,7.170617
2012/7/31,7.200187
2012/8/1,7.263022
2012/8/2,7.074516
2012/8/3,7.174314
2012/8/6,7.470008
2012/8/7,7.928337
2012/8/8,7.632641
2012/8/9,7.51806
2012/8/10,7.562414
2012/8/13,7.155832
2012/8/14,7.189098
2012/8/15,6.982111
2012/8/16,6.800998
2012/8/17,6.893403
2012/8/20,6.871225
2012/8/21,7.030162
2012/8/22,6.800998
2012/8/23,6.845353
2012/8/24,6.723377
2012/8/27,6.36115
2012/8/28,6.4092
2012/8/29,6.3131
2012/8/30,6.449859
2012/8/31,6.357455
2012/9/3,6.475733
2012/9/4,6.346366
2012/9/5,6.305707
2012/9/6,6.442467
2012/9/7,6.727074
2012/9/10,6.782517
2012/9/11,6.671631
2012/9/12,6.730769
2012/9/13,6.582922
2012/9/14,6.65315
2012/9/17,6.350061
2012/9/18,6.253961
2012/9/19,6.309404
2012/9/20,5.976746
2012/9/21,5.932392
2012/9/24,6.006316
2012/9/25,6.061759
2012/9/26,5.810418
2012/9/27,5.950873
2012/9/28,6.150468
2012/10/8,6.168948
2012/10/9,6.287227
2012/10/10,6.290922
2012/10/11,6.146771
2012/10/12,6.279834
2012/10/15,6.209607
2012/10/16,6.224391
2012/10/17,6.483125
2012/10/18,6.449859
2012/10/19,6.4092
2012/10/22,6.42029
2012/10/23,6.302012
2012/10/24,6.309404
2012/10/25,6.194822
2012/10/26,6.035886
2012/10/29,5.854772
2012/10/30,5.862164
2012/10/31,5.884341
2012/11/1,6.098721
2012/11/2,6.098721
2012/11/5,6.017405
2012/11/6,5.943481
2012/11/7,5.954569
2012/11/8,5.851075
2012/11/9,5.821506
2012/11/12,5.869557
2012/11/13,5.677354
2012/11/14,5.607127
2012/11/15,5.344697
2012/11/16,5.230114
2012/11/19,5.267077
2012/11/20,5.230114
2012/11/21,5.281862
2012/11/22,5.15619
2012/11/23,5.174672
2012/11/26,5.281862
2012/11/27,4.915938
2012/11/28,4.67199
2012/11/29,4.553712
2012/11/30,4.553712
2012/12/3,4.250624
2012/12/4,4.265409
2012/12/5,4.442825
2012/12/6,4.398472
2012/12/7,4.694166
2012/12/10,4.801356
2012/12/11,4.697863
2012/12/12,4.742218
2012/12/13,4.708952
2012/12/14,4.919635
2012/12/17,4.960293
2012/12/18,4.960293
2012/12/19,4.975078
2012/12/20,5.122926
2012/12/21,5.04161
2012/12/24,4.989863
2012/12/25,5.122926
2012/12/26,5.226419
2012/12/27,5.204242
2012/12/28,5.200545
2012/12/31,5.270773
2013/1/4,5.170977
2013/1/7,5.226419
2013/1/8,5.315127
2013/1/9,5.455583
2013/1/10,5.433406
2013/1/11,5.196849
2013/1/14,5.474063
2013/1/15,5.61452
2013/1/16,5.869557
2013/1/17,5.795633
2013/1/18,5.873253
2013/1/21,5.876949
2013/1/22,5.980443
2013/1/23,6.039582
2013/1/24,5.814114
2013/1/25,5.843683
2013/1/28,6.002619
2013/1/29,6.261353
2013/1/30,6.36115
2013/1/31,6.294619
2013/2/1,6.320492
2013/2/4,6.324189
2013/2/5,6.261353
2013/2/6,6.046975
2013/2/7,5.947176
2013/2/8,6.150468
2013/2/18,6.15786
2013/2/19,6.098721
2013/2/20,6.010013
2013/2/21,5.618215
2013/2/22,5.551684
2013/2/25,5.625608
2013/2/26,5.496242
2013/2/27,5.55538
2013/2/28,5.732798
2013/3/1,5.706924
2013/3/4,5.385355
2013/3/5,5.851075
2013/3/6,5.876949
2013/3/7,5.766063
2013/3/8,5.74019
2013/3/11,5.751279
2013/3/12,5.466671
2013/3/13,5.326216
2013/3/14,5.396444
2013/3/15,5.307735
2013/3/18,5.145103
2013/3/19,5.082267
2013/3/20,5.2449
2013/3/21,5.307735
2013/3/22,5.315127
2013/3/25,5.359482
2013/3/26,5.370571
2013/3/27,5.370571
2013/3/28,5.104444
2013/3/29,5.063787
2013/4/1,5.104444
2013/4/2,4.986166
2013/4/3,5.07857
2013/4/8,5.063787
2013/4/9,5.193153
2013/4/10,5.152495
2013/4/11,5.163583
2013/4/12,5.026825
2013/4/15,4.945508
2013/4/16,4.949204
2013/4/17,4.956596
2013/4/18,4.938117
2013/4/19,5.049002
2013/4/22,5.000951
2013/4/23,4.749609
2013/4/24,4.842015
2013/4/25,4.697863
2013/4/26,4.531534
2013/5/2,4.51675
2013/5/3,4.967686
2013/5/6,5.370571
2013/5/7,5.414925
2013/5/8,5.40014
2013/5/9,5.544292
2013/5/10,5.403837
2013/5/13,5.352089
2013/5/14,5.381659
2013/5/15,5.370571
2013/5/16,5.389052
2013/5/17,5.381659
2013/5/20,5.618215
2013/5/21,5.688443
2013/5/22,5.47776
2013/5/23,5.640393
2013/5/24,5.703228
2013/5/27,5.688443
2013/5/28,5.655178
2013/5/29,5.878408
2013/5/30,5.796557
2013/5/31,5.688663
2013/6/3,5.190113
2013/6/4,5.134306
2013/6/5,5.175231
2013/6/6,5.018969
2013/6/7,5.056175
2013/6/13,4.780857
2013/6/14,4.970603
2013/6/17,4.996647
2013/6/18,4.955722
2013/6/19,5.041294
2013/6/20,4.792019
2013/6/21,4.687845
2013/6/24,4.237663
2013/6/25,4.155812
2013/6/26,4.207898
2013/6/27,4.073961
2013/6/28,3.977227
2013/7/1,4.085121
2013/7/2,4.252545
2013/7/3,4.189296
2013/7/4,4.609714
2013/7/5,4.747374
2013/7/8,4.639478
2013/7/9,4.501819
2013/7/10,4.691565
2013/7/11,4.736211
2013/7/12,4.565068
2013/7/15,4.684124
2013/7/16,4.539024
2013/7/17,4.36044
2013/7/18,4.449731
2013/7/19,4.21906
2013/7/22,4.248824
2013/7/23,4.36044
2013/7/24,4.468334
2013/7/25,4.44229
2013/7/26,4.494378
2013/7/29,4.341837
2013/7/30,4.319514
2013/7/31,4.330676
2013/8/1,4.434849
2013/8/2,4.50926
2013/8/5,4.546465
2013/8/6,4.58739
2013/8/7,4.457173
2013/8/8,4.550186
2013/8/9,4.602272
2013/8/12,4.676682
2013/8/13,4.721329
2013/8/14,4.65064
2013/8/15,4.57623
2013/8/16,4.512981
2013/8/19,4.561347
2013/8/20,4.512981
2013/8/21,4.516701
2013/8/22,4.431129
2013/8/23,4.468334
2013/8/26,4.643199
2013/8/27,4.661801
2013/8/28,4.699006
2013/8/29,4.739932
2013/8/30,4.665522
2013/9/2,4.632036
2013/9/3,4.691565
2013/9/4,4.713888
2013/9/5,4.739932
2013/9/6,4.855268
2013/9/9,4.896194
2013/9/10,4.970603
2013/9/11,4.985485
2013/9/12,4.866429
2013/9/13,4.948281
2013/9/16,4.918516
2013/9/17,4.691565
2013/9/18,4.702727
2013/9/23,4.806901
2013/9/24,4.829224
2013/9/25,4.713888
2013/9/26,4.620875
2013/9/27,4.617155
2013/9/30,4.691565
2013/10/8,4.710167
2013/10/9,4.739932
2013/10/10,4.635758
2013/10/11,4.676682
2013/10/14,4.676682
2013/10/15,4.747374
2013/10/16,4.516701
2013/10/17,4.472055
2013/10/18,4.446011
2013/10/21,4.527863
2013/10/22,4.602272
2013/10/23,4.479496
2013/10/24,4.393924
2013/10/25,4.278588
2013/10/28,4.22278
2013/10/29,4.051637
2013/10/30,4.137208
2013/10/31,4.122326
2013/11/1,4.137208
2013/11/4,4.166973
2013/11/5,4.241383
2013/11/6,4.185575
2013/11/7,4.114885
2013/11/8,4.051637
2013/11/11,4.100004
2013/11/12,4.118606
2013/11/13,4.010711
2013/11/14,4.114885
2013/11/15,4.527863
2013/11/18,4.583671
2013/11/19,4.539024
2013/11/20,4.773417
2013/11/21,4.751093
2013/11/22,4.643199
2013/11/25,4.661801
2013/11/26,4.710167
2013/11/27,4.710167
2013/11/28,4.825503
2013/11/29,4.784577
2013/12/2,4.427409
2013/12/3,4.572508
2013/12/4,4.646918
2013/12/5,4.754814
2013/12/6,4.736211
2013/12/9,4.840385
2013/12/10,4.858987
2013/12/11,4.732491
2013/12/12,4.818063
2013/12/13,4.769696
2013/12/16,4.617155
2013/12/17,4.65064
2013/12/18,4.825503
2013/12/19,4.825503
2013/12/20,4.911076
2013/12/23,4.762254
2013/12/24,4.695286
2013/12/25,4.736211
2013/12/26,4.691565
2013/12/27,4.892473
2013/12/30,4.959441
2013/12/31,5.138026
2014/1/2,5.149188
2014/1/3,5.011529
2014/1/6,4.598552
2014/1/7,4.65064
2014/1/8,4.579949
2014/1/9,4.382762
2014/1/10,4.412526
2014/1/13,4.371601
2014/1/14,4.483217
2014/1/15,4.565068
2014/1/16,4.65064
2014/1/17,4.542745
2014/1/20,4.501819
2014/1/21,4.58739
2014/1/22,4.65808
2014/1/23,4.702727
2014/1/24,4.780857
2014/1/27,4.699006
2014/1/28,4.769696
2014/1/29,4.762254
2014/1/30,4.635758
2014/2/7,5.004087
2014/2/10,5.275685
2014/2/11,5.175231
2014/2/12,5.335214
2014/2/13,5.372419
2014/2/14,5.543562
2014/2/17,5.510077
2014/2/18,5.498917
2014/2/19,5.472873
2014/2/20,5.245921
2014/2/21,5.275685
2014/2/24,5.312891
2014/2/25,5.09338
2014/2/26,5.480313
2014/2/27,5.424506
2014/2/28,5.707265
2014/3/3,5.934216
2014/3/4,6.421602
2014/3/5,6.32487
2014/3/6,6.138844
2014/3/7,6.064434
2014/3/10,6.064434
2014/3/11,6.064434
2014/3/12,6.064434
2014/3/13,6.064434
2014/3/14,6.064434
2014/3/17,6.064434
2014/3/18,6.064434
2014/3/19,6.064434
2014/3/20,6.064434
2014/3/21,6.064434
2014/3/24,6.064434
2014/3/25,6.064434
2014/3/26,6.064434
2014/3/27,6.064434
2014/3/28,6.064434
2014/3/31,6.064434
2014/4/1,6.064434
2014/4/2,6.064434
2014/4/3,6.064434
2014/4/4,6.064434
2014/4/8,6.064434
2014/4/9,6.064434
2014/4/10,6.064434
2014/4/11,6.064434
2014/4/14,6.064434
2014/4/15,6.064434
2014/4/16,6.064434
2014/4/17,6.064434
2014/4/18,6.064434
2014/4/21,6.064434
2014/4/22,6.064434
2014/4/23,6.064434
2014/4/24,6.064434
2014/4/25,6.064434
2014/4/28,6.064434
2014/4/29,6.064434
2014/4/30,6.064434
2014/5/5,6.064434
2014/5/6,6.064434
2014/5/7,6.064434
2014/5/8,6.064434
2014/5/9,6.064434
2014/5/12,6.064434
2014/5/13,6.064434
2014/5/14,6.064434
2014/5/15,6.101868
2014/5/16,6.101868
2014/5/19,6.101868
2014/5/20,6.101868
2014/5/21,6.101868
2014/5/22,6.101868
2014/5/23,6.101868
2014/5/26,6.101868
2014/5/27,6.101868
2014/5/28,6.101868
2014/5/29,6.101868
2014/5/30,6.101868
2014/6/3,6.101868
2014/6/4,5.457991
2014/6/5,4.922674
2014/6/6,4.91893
2014/6/9,4.952621
2014/6/10,4.986313
2014/6/11,5.076155
2014/6/12,5.042464
2014/6/13,5.136052
2014/6/16,5.117334
2014/6/17,5.042464
2014/6/18,5.087386
2014/6/19,4.915187
2014/6/20,4.971338
2014/6/23,4.982569
2014/6/24,5.083643
2014/6/25,5.046208
2014/6/26,5.106103
2014/6/27,5.349431
2014/6/30,5.345686
2014/7/1,5.484195
2014/7/2,5.701316
2014/7/3,5.895977
2014/7/4,6.075664
2014/7/7,6.150534
2014/7/8,6.764464
2014/7/9,7.048969
2014/7/10,6.89923
2014/7/11,7.318499
2014/7/14,7.543108
2014/7/15,7.086403
2014/7/16,7.082659
2014/7/17,7.157529
2014/7/18,7.617978
2014/7/21,7.561824
2014/7/22,8.288058
2014/7/23,8.115861
2014/7/24,7.70782
2014/7/25,7.820124
2014/7/28,7.767715
2014/7/29,8.265599
2014/7/30,8.520157
2014/7/31,8.415338
2014/8/1,8.063451
2014/8/4,8.194472
2014/8/5,7.936173
2014/8/6,8.175755
2014/8/7,7.951148
2014/8/8,7.894994
2014/8/11,8.31052
2014/8/12,8.61
2014/8/13,8.576306
2014/8/14,8.568821
2014/8/15,8.553846
2014/8/18,9.242647
2014/8/19,9.560843
2014/8/20,9.167775
2014/8/21,8.647434
2014/8/22,8.83835
2014/8/25,8.460259
2014/8/26,8.415338
2014/8/27,8.340467
2014/8/28,7.951148
2014/8/29,7.999813
2014/9/1,8.303033
2014/9/2,8.48272
2014/9/3,8.523897
2014/9/4,8.602512
2014/9/5,8.235652
2014/9/9,8.254369
2014/9/10,8.516415
2014/9/11,8.186985
2014/9/12,8.209447
2014/9/15,8.115861
2014/9/16,7.820124
2014/9/17,7.471982
2014/9/18,7.614233
2014/9/19,7.629209
2014/9/22,7.404599
2014/9/23,7.520648
2014/9/24,7.831355
2014/9/25,7.853817
2014/9/26,7.760229
2014/9/29,8.123347
2014/9/30,8.329238
2014/10/8,8.250627
2014/10/9,8.823379
2014/10/10,9.036757
2014/10/13,8.973117
2014/10/14,8.321751
2014/10/15,8.040991
2014/10/16,7.760229
2014/10/17,7.726538
2014/10/20,7.872533
2014/10/21,7.561824
2014/10/22,7.471982
2014/10/23,7.561824
2014/10/24,7.531878
2014/10/27,7.539364
2014/10/28,7.846329
2014/10/29,7.898737
2014/10/30,7.865048
2014/10/31,7.636694
2014/11/3,7.640438
2014/11/4,7.408342
2014/11/5,7.434546
2014/11/6,7.595516
2014/11/7,7.464495
2014/11/10,7.494443
2014/11/11,7.000304
2014/11/12,7.075173
2014/11/13,6.858052
2014/11/14,7.217424
2014/11/17,7.168759
2014/11/18,7.213682
2014/11/19,7.224912
2014/11/20,7.105121
2014/11/21,7.247373
2014/11/24,7.296038
2014/11/25,7.584286
2014/11/26,7.573056
2014/11/27,7.64418
2014/11/28,7.389625
2014/12/1,7.150042
2014/12/2,7.157529
2014/12/3,7.367165
2014/12/4,7.509416
2014/12/5,7.168759
2014/12/8,7.045225
2014/12/9,6.850564
2014/12/10,7.075173
2014/12/11,7.307269
2014/12/12,7.434546
2014/12/15,7.464495
2014/12/16,7.281064
2014/12/17,7.112607
2014/12/18,7.07143
2014/12/19,7.07143
2014/12/22,6.513651
2014/12/23,6.420064
2014/12/24,6.539855
2014/12/25,6.524882
2014/12/26,6.494934
2014/12/29,6.255352
2014/12/30,6.356425
2014/12/31,6.360168
2015/1/5,6.506165
2015/1/6,6.607238
2015/1/7,6.536112
2015/1/8,6.562316
2015/1/9,6.588521
2015/1/12,6.981586
2015/1/13,6.981586
2015/1/14,6.981586
2015/1/15,6.981586
2015/1/16,6.697082
2015/1/19,6.678364
2015/1/20,7.030251
2015/1/21,7.09389
2015/1/22,7.09389
2015/1/23,7.09389
2015/1/26,7.09389
2015/1/27,7.389625
2015/1/28,7.969863
2015/1/29,7.906224
2015/1/30,7.674129
2015/2/2,7.778947
2015/2/3,7.681617
2015/2/4,7.928688
2015/2/5,7.790177
2015/2/6,7.674129
2015/2/9,7.685359
2015/2/10,7.775203
2015/2/11,7.816381
2015/2/12,8.063451
2015/2/13,8.550102
2015/2/16,9.17152
2015/2/17,9.456025
2015/2/25,9.456025
2015/2/26,8.797173
2015/2/27,8.797173
2015/3/2,8.737276
2015/3/3,8.497695
2015/3/4,8.673637
2015/3/5,8.872043
2015/3/6,8.355444
2015/3/9,8.291803
2015/3/10,8.449029
2015/3/11,8.359186
2015/3/12,8.370418
2015/3/13,8.351698
2015/3/16,8.658664
2015/3/17,8.755995
2015/3/18,8.808404
2015/3/19,8.658664
2015/3/20,8.565077
2015/3/23,8.883273
2015/3/24,9.134087
2015/3/25,9.070447
2015/3/26,9.17152
2015/3/27,9.564586
2015/3/30,9.564586
2015/3/31,9.77422
2015/4/1,10.552862
2015/4/2,10.919725
2015/4/3,10.841112
2015/4/7,11.061977
2015/4/8,10.504199
2015/4/9,10.369434
2015/4/10,11.032029
2015/4/13,11.702111
2015/4/14,11.73206
2015/4/15,10.676399
2015/4/16,10.893519
2015/4/17,11.22669
2015/4/20,10.541632
2015/4/21,11.440068
2015/4/22,12.173792
2015/4/23,12.22994
2015/4/24,12.394655
2015/4/27,12.330901
2015/4/28,12.263394
2015/4/29,12.878441
2015/4/30,12.525914
2015/5/4,12.675926
2015/5/5,11.794612
2015/5/6,11.974624
2015/5/7,11.61835
2015/5/8,12.087133
2015/5/11,12.657174
2015/5/12,12.814685
2015/5/13,13.996023
2015/5/14,13.996023
2015/5/15,13.996023
2015/5/18,13.996023
2015/5/19,13.996023
2015/5/20,13.996023
2015/5/21,13.996023
2015/5/22,13.996023
2015/5/25,15.394876
2015/5/26,16.482452
2015/5/27,16.219934
2015/5/28,15.668644
2015/5/29,17.236261
2015/6/1,18.297586
2015/6/2,18.192575
2015/6/3,17.277512
2015/6/4,16.381195
2015/6/5,16.126181
2015/6/8,16.347445
2015/6/9,16.591211
2015/6/10,16.71122
2015/6/11,17.213757
2015/6/12,17.956312
2015/6/15,17.157503
2015/6/16,15.604889
2015/6/17,15.451127
2015/6/18,15.102352
2015/6/19,13.590992
2015/6/23,13.272219
2015/6/24,13.459732
2015/6/25,12.263394
2015/6/26,11.037056
2015/6/29,9.934476
2015/6/30,10.69203
2015/7/1,9.623202
2015/7/2,8.659381
2015/7/3,7.793069
2015/7/6,7.106769
2015/7/7,6.397967
2015/7/8,6.397967
2015/7/9,6.397967
2015/7/10,6.397967
2015/7/13,6.397967
2015/7/14,6.397967
2015/7/15,6.397967
2015/7/16,6.397967
2015/7/17,6.397967
2015/7/20,6.397967
2015/7/21,6.397967
2015/7/22,7.039264
2015/7/23,7.744316
2015/7/24,8.520622
2015/7/27,9.371933
2015/7/28,10.118238
2015/7/29,10.313252
2015/7/30,9.375685
2015/7/31,9.113166
2015/8/3,8.389361
2015/8/4,9.229424
2015/8/5,9.641953
2015/8/6,10.605775
2015/8/7,11.10081
2015/8/10,11.48709
2015/8/11,12.075881
2015/8/12,11.400832
2015/8/13,12.450909
2015/8/14,12.255895
2015/8/17,12.507164
2015/8/18,11.258322
2015/8/19,11.442086
2015/8/20,10.572021
2015/8/21,9.675706
2015/8/24,8.708137
2015/8/25,7.838073
2015/8/26,7.79682
2015/8/27,8.576876
2015/8/28,9.43569
2015/8/31,9.315681
2015/9/1,8.385612
2015/9/2,8.138094
2015/9/7,8.951904
2015/9/8,9.848218
2015/9/9,10.83454
2015/9/10,10.500766
2015/9/11,10.774535
2015/9/14,9.69821
2015/9/15,8.753139
2015/9/16,9.626954
2015/9/17,10.377007
2015/9/18,10.669529
2015/9/21,11.738358
2015/9/22,12.282147
2015/9/23,13.512238
2015/9/24,13.155961
2015/9/25,13.493485
2015/9/28,13.70725
2015/9/29,14.348548
2015/9/30,13.70725
2015/10/8,14.277291
2015/10/9,14.292295
2015/10/12,15.721149
2015/10/13,16.051172
2015/10/14,15.199861
2015/10/15,15.563637
2015/10/16,15.323619
2015/10/19,16.857483
2015/10/20,16.69622
2015/10/21,15.027347
2015/10/22,15.852408
2015/10/23,16.737473
2015/10/26,18.410091
2015/10/27,19.340162
2015/10/28,18.792624
2015/10/29,19.100142
2015/10/30,18.635111
2015/11/2,17.963812
2015/11/3,17.813801
2015/11/4,19.463921
2015/11/5,19.242659
2015/11/6,19.336412
2015/11/9,20.146473
2015/11/10,20.859024
2015/11/11,20.694012
2015/11/12,20.994032
2015/11/13,22.104113
2015/11/16,22.317881
2015/11/17,21.931602
2015/11/18,20.420242
2015/11/19,22.20162
2015/11/20,21.387812
2015/11/23,20.697765
2015/11/24,22.689156
2015/11/25,22.764166
2015/11/26,21.714087
2015/11/27,20.686508
2015/11/30,21.230301
2015/12/1,19.388916
2015/12/2,19.280155
2015/12/3,20.926525
2015/12/4,21.001532
2015/12/7,23.101686
2015/12/8,24.751808
2015/12/9,27.226988
2015/12/10,25.696877
2015/12/11,25.220589
2015/12/14,25.318098
2015/12/15,26.608192
2015/12/16,26.251917
2015/12/17,26.95697
2015/12/18,29.480902
2015/12/21,28.389572
2015/12/22,29.975937
2015/12/23,29.499657
2015/12/24,30.827253
2015/12/25,30.981007
2015/12/28,29.878433
2015/12/29,30.827253
2015/12/30,30.223457
2015/12/31,28.599586
2016/1/4,25.738129
2016/1/5,24.845564
2016/1/6,25.576868
2016/1/7,23.01918
2016/1/8,22.865421
2016/1/11,20.964031
2016/1/12,23.060432
2016/1/13,23.832989
2016/1/14,26.218164
2016/1/15,27.939541
2016/1/18,28.423325
2016/1/19,28.689596
2016/1/20,27.92079
2016/1/21,25.576868
2016/1/22,27.52326
2016/1/25,26.851961
2016/1/26,24.166761
2016/1/27,24.601799
2016/1/28,22.141617
2016/1/29,22.801664
2016/2/1,20.626505
2016/2/2,21.470316
2016/2/3,23.619223
2016/2/4,25.126831
2016/2/5,23.139191
2016/2/15,23.68298
2016/2/16,25.126831
2016/2/17,25.351852
2016/2/18,25.111834
2016/2/19,24.826813
2016/2/22,26.416931
2016/2/23,25.809381
2016/2/24,25.468111
2016/2/25,23.851742
2016/2/26,23.262949
2016/2/29,20.93778
2016/3/1,21.489069
2016/3/2,22.707907
2016/3/3,22.227873
2016/3/4,20.097717
2016/3/7,20.453993
2016/3/8,21.035288
2016/3/9,20.217726
2016/3/10,20.093966
2016/3/11,19.895201
2016/3/14,21.151545
2016/3/15,21.451563
2016/3/16,21.297806
2016/3/17,23.427959
2016/3/18,24.046755
2016/3/21,24.459288
2016/3/22,24.613049
2016/3/23,24.410532
2016/3/24,26.851961
2016/3/25,26.206915
2016/3/28,27.234488
2016/3/29,26.720701
2016/3/30,29.394644
2016/3/31,29.027115
2016/4/1,30.062193
2016/4/5,31.037268
2016/4/6,33.189922
2016/4/7,33.189922
2016/4/8,33.651199
2016/4/11,33.171173
2016/4/12,30.56473
2016/4/13,31.36729
2016/4/14,31.798569
2016/4/15,32.874901
2016/4/18,36.163891
2016/4/19,36.32515
2016/4/20,35.252575
2016/4/21,31.944828
2016/4/22,35.140068
2016/4/25,35.627602
2016/4/26,35.031307
2016/4/27,34.360008
2016/4/28,35.023811
2016/4/29,34.341259
2016/5/3,37.127708
2016/5/4,37.540241
2016/5/5,39.606647
2016/5/6,39.809158
2016/5/9,39.647888
2016/5/10,38.627819
2016/5/11,36.82769
2016/5/12,39.719814
2016/5/13,38.827763
2016/5/16,38.987396
2016/5/17,39.813721
2016/5/18,38.020218
2016/5/19,38.499115
2016/5/20,35.916855
2016/5/23,36.442696
2016/5/24,35.66333
2016/5/25,34.461403
2016/5/26,35.879299
2016/5/27,34.696152
2016/5/30,34.22665
2016/5/31,35.381626
2016/6/1,36.996712
2016/6/2,36.677452
2016/6/3,37.419254
2016/6/6,37.278404
2016/6/7,36.189163
2016/6/8,39.804325
2016/6/13,39.372383
2016/6/14,38.480328
2016/6/15,41.588432
2016/6/16,42.499264
2016/6/17,41.278561
2016/6/20,41.87952
2016/6/21,40.330173
2016/6/22,40.546146
2016/6/23,39.532013
2016/6/24,39.438118
2016/6/27,39.982738
2016/6/28,39.757378
2016/6/29,41.241005
2016/6/30,39.99213
2016/7/1,39.710423
2016/7/4,39.907619
2016/7/5,40.330173
2016/7/6,39.832497
2016/7/7,41.184658
2016/7/8,39.907619
2016/7/11,39.212757
2016/7/12,39.372383
2016/7/13,39.400558
2016/7/14,39.306652
2016/7/15,39.306652
2016/7/18,38.499115
2016/7/19,38.245579
2016/7/20,38.339485
2016/7/21,37.823032
2016/7/22,36.358189
2016/7/25,35.034191
2016/7/26,35.822956
2016/7/27,37.043663
2016/7/28,36.545982
2016/7/29,36.376965
2016/8/1,35.372234
2016/8/2,35.52248
2016/8/3,35.372234
2016/8/4,36.292461
2016/8/5,35.531864
2016/8/8,35.391018
2016/8/9,35.625763
2016/8/10,35.851131
2016/8/11,35.015411
2016/8/12,35.250164
2016/8/15,36.038929
2016/8/16,36.977932
2016/8/17,36.98732
2016/8/18,37.278404
2016/8/19,36.639889
2016/8/22,36.28307
2016/8/23,36.029537
2016/8/24,35.935642
2016/8/25,35.898071
2016/8/26,35.653938
2016/8/29,35.315895
2016/8/30,35.428574
2016/8/31,35.616371
2016/9/1,35.099926
2016/9/2,34.630421
2016/9/5,34.574085
2016/9/6,35.81356
2016/9/7,35.024803
2016/9/8,35.259548
2016/9/9,34.883953
2016/9/12,32.865101
2016/9/13,32.667908
2016/9/14,32.113899
2016/9/19,32.235966
2016/9/20,32.358036
2016/9/21,32.113899
2016/9/22,31.897924
2016/9/23,31.503544
2016/9/26,29.541027
2016/9/27,29.681877
2016/9/28,29.691271
2016/9/29,29.334448
2016/9/30,30.095037
2016/10/10,30.724173
2016/10/11,30.49881
2016/10/12,30.414299
2016/10/13,30.235891
2016/10/14,30.113819
2016/10/17,31.08099
2016/10/18,33.20314
2016/10/19,32.836926
2016/10/20,33.372158
2016/10/21,32.780586
2016/10/24,32.752411
2016/10/25,32.517666
2016/10/26,32.019997
2016/10/27,32.1045
2016/10/28,31.475372
2016/10/31,32.329865
2016/11/1,32.301701
2016/11/2,31.541103
2016/11/3,31.390865
2016/11/4,30.79929
2016/11/7,30.536369
2016/11/8,30.686609
2016/11/9,30.0387
2016/11/10,30.160767
2016/11/11,30.75234
2016/11/14,30.20772
2016/11/15,30.30162
2016/11/16,30.724173
2016/11/17,30.264057
2016/11/18,30.029308
2016/11/21,29.944796
2016/11/22,30.160767
2016/11/23,29.954187
2016/11/24,29.456516
2016/11/25,29.109085
2016/11/28,29.080914
2016/11/29,28.602024
2016/11/30,29.174814
2016/12/1,28.958845
2016/12/2,28.376663
2016/12/5,28.395447
2016/12/6,29.080914
2016/12/7,28.940067
2016/12/8,28.902508
2016/12/9,28.686531
2016/12/12,26.207565
2016/12/13,25.85075
2016/12/14,25.231005
2016/12/15,25.559654
2016/12/16,26.057329
2016/12/19,25.907085
2016/12/20,26.104277
2016/12/21,26.179396
2016/12/22,25.935257
2016/12/23,25.409414
2016/12/26,25.925869
2016/12/27,25.672337
2016/12/28,26.179396
2016/12/29,25.681728
2016/12/30,25.625387
2017/1/3,25.653557
2017/1/4,27.494003
2017/1/5,27.268642
2017/1/6,26.761581
2017/1/9,27.400099
2017/1/10,27.13718
2017/1/11,27.212299
2017/1/12,27.062059
2017/1/13,26.000986
2017/1/16,24.686382
2017/1/17,24.958691
2017/1/18,24.752115
2017/1/19,24.442242
2017/1/20,24.874184
2017/1/23,24.930525
2017/1/24,24.752115
2017/1/25,24.723946
2017/1/26,25.043205
2017/2/3,25.005644
2017/2/6,25.409414
2017/2/7,25.127714
2017/2/8,25.418806
2017/2/9,26.066715
2017/2/10,26.038544
2017/2/13,26.132446
2017/2/14,26.226349
2017/2/15,25.484535
2017/2/16,25.653557
2017/2/17,25.221615
2017/2/20,25.221615
2017/2/21,26.207565
2017/2/22,26.827309
2017/2/23,27.494003
2017/2/24,27.287418
2017/2/27,26.695848
2017/2/28,26.846087
2017/3/1,27.672409
2017/3/2,27.822651
2017/3/3,29.043356
2017/3/6,29.118477
2017/3/7,29.043356
2017/3/8,28.442394
2017/3/9,28.940067
2017/3/10,29.869678
2017/3/13,29.691271
2017/3/14,29.315664
2017/3/15,29.296886
2017/3/16,29.465906
2017/3/17,28.339102
2017/3/20,28.226425
2017/3/21,28.414223
2017/3/22,28.357883
2017/3/23,28.179476
2017/3/24,27.869602
2017/3/27,27.92594
2017/3/28,28.545683
2017/3/29,28.545683
2017/3/30,27.005722
2017/3/31,27.559731
2017/4/5,29.512857
2017/4/6,29.325058
2017/4/7,28.827387
2017/4/10,28.423615
2017/4/11,28.094963
2017/4/12,27.531561
2017/4/13,27.935331
2017/4/14,27.05267
2017/4/17,27.324982
2017/4/18,26.329639
2017/4/19,25.662947
2017/4/20,25.362467
2017/4/21,22.827156
2017/4/24,20.54538
2017/4/25,20.047709
2017/4/26,20.611109
2017/4/27,20.432699
2017/4/28,20.601721
2017/5/2,21.409264
2017/5/3,21.259022
2017/5/4,20.611109
2017/5/5,20.705008
2017/5/8,20.695621
2017/5/9,20.320019
2017/5/10,19.812958
2017/5/11,19.634548
2017/5/12,19.427971
2017/5/15,19.352297
2017/5/16,20.818384
2017/5/17,20.50625
2017/5/18,19.986025
2017/5/19,20.033318
2017/5/22,19.503637
2017/5/23,19.210419
2017/5/24,19.305006
2017/5/25,18.794243
2017/5/26,18.292934
2017/5/31,18.482111
2017/6/1,17.214659
2017/6/2,17.45112
2017/6/5,17.961885
2017/6/6,17.961885
2017/6/7,18.302393
2017/6/8,18.2551
2017/6/9,18.103762
2017/6/12,17.72542
2017/6/13,18.775324
2017/6/14,18.794243
2017/6/15,20.250866
2017/6/16,20.250866
2017/6/19,20.250866
2017/6/20,20.250866
2017/6/21,20.250866
2017/6/22,20.250866
2017/6/23,20.733253
2017/6/26,20.903509
2017/6/27,20.317076
2017/6/28,20.099527
2017/6/29,19.96711
2017/6/30,20.799465
2017/7/3,21.168348
2017/7/4,21.489941
2017/7/5,21.830452
2017/7/6,22.643894
2017/7/7,23.022236
2017/7/10,22.3223
2017/7/11,21.499401
2017/7/12,23.646503
2017/7/13,23.230326
2017/7/14,24.582905
2017/7/17,24.762619
2017/7/18,25.82198
2017/7/19,25.878735
2017/7/20,25.557142
2017/7/21,25.263922
2017/7/24,24.800453
2017/7/25,23.987015
2017/7/26,25.188255
2017/7/27,24.668032
2017/7/28,24.96125
2017/7/31,25.226091
2017/8/1,26.162493
2017/8/2,25.528767
2017/8/3,24.819372
2017/8/4,23.693798
2017/8/7,23.835674
2017/8/8,23.107363
2017/8/9,23.220865
2017/8/10,22.899273
2017/8/11,22.653353
2017/8/14,23.532999
2017/8/15,22.757395
2017/8/16,22.11421
2017/8/17,22.360134
2017/8/18,22.047998
2017/8/21,22.3223
2017/8/22,23.164116
2017/8/23,22.549307
2017/8/24,21.565611
2017/8/25,21.612906
2017/8/28,21.934498
2017/8/29,21.754782
2017/8/30,21.925037
2017/8/31,22.615515
2017/9/1,23.078987
2017/9/4,23.078987
2017/9/5,24.327522
2017/9/6,24.743702
2017/9/7,23.949177
2017/9/8,23.977554
2017/9/11,26.380039
2017/9/12,27.411026
2017/9/13,27.448864
2017/9/14,26.635422
2017/9/15,26.134117
2017/9/18,26.361124
2017/9/19,25.386887
2017/9/20,25.632811
2017/9/21,24.970707
2017/9/22,24.96125
2017/9/25,24.251854
2017/9/26,24.838287
2017/9/27,25.472015
2017/9/28,25.055834
2017/9/29,24.866665
2017/10/9,25.263922
2017/10/10,24.800453
2017/10/11,24.516693
2017/10/12,24.15727
2017/10/13,24.242395
2017/10/16,23.315453
2017/10/17,23.173574
2017/10/18,22.719561
2017/10/19,22.92765
2017/10/20,23.466789
2017/10/23,23.107363
2017/10/24,22.766855
2017/10/25,22.3223
2017/10/26,22.539846
2017/10/27,22.019627
2017/10/30,20.903509
2017/10/31,21.187267
2017/11/1,21.149435
2017/11/2,20.837299
2017/11/3,20.052237
2017/11/6,20.43058
2017/11/7,20.307619
2017/11/8,22.341217
2017/11/9,22.275005
2017/11/10,21.934498
2017/11/13,22.275005
2017/11/14,22.681725
2017/11/15,21.612906
2017/11/16,20.84676
2017/11/17,20.544081
2017/11/20,21.177809
2017/11/21,20.941343
2017/11/22,22.104753
2017/11/23,21.79262
2017/11/24,22.416887
2017/11/27,21.565611
2017/11/28,21.849369
2017/11/29,21.660196
2017/11/30,21.811535
2017/12/1,21.471027
2017/12/4,20.723797
2017/12/5,19.229338
2017/12/6,19.494179
2017/12/7,19.390133
2017/12/8,19.54147
2017/12/11,19.910355
2017/12/12,20.00494
2017/12/13,19.825228
2017/12/14,19.711725
2017/12/15,19.503637
2017/12/18,19.626596
2017/12/19,19.654976
2017/12/20,19.759018
2017/12/21,19.522554
2017/12/22,19.550932
2017/12/25,18.926662
2017/12/26,19.13475
2017/12/27,19.437424
2017/12/28,19.513092
2017/12/29,19.314466
2018/1/2,19.645517
2018/1/3,19.976566
2018/1/4,19.806311
2018/1/5,19.683352
2018/1/8,19.986025
2018/1/9,20.042778
2018/1/10,19.532013
2018/1/11,19.607679
2018/1/12,19.323923
2018/1/15,18.690199
2018/1/16,18.936121
2018/1/17,18.850996
2018/1/18,18.850996
2018/1/19,18.775324
2018/1/22,18.955038
2018/1/23,18.926662
2018/1/24,18.983412
2018/1/25,19.011791
2018/1/26,18.803699
2018/1/29,18.349686
2018/1/30,18.510481
2018/1/31,17.71596
2018/2/1,16.609304
2018/2/2,16.684975
2018/2/5,16.240419
2018/2/6,14.660832
2018/2/7,14.821629
2018/2/8,15.209432
2018/2/9,14.887839
2018/2/12,16.202583
2018/2/13,16.439045
2018/2/14,16.306629
2018/2/22,16.580931
2018/2/23,16.524178
2018/2/26,16.987648
2018/2/27,16.836309
2018/2/28,16.713348
2018/3/1,16.921436
2018/3/2,17.224112
2018/3/5,16.968731
2018/3/6,17.072773
2018/3/7,16.836309
2018/3/8,16.694431
2018/3/9,17.016024
2018/3/12,17.933506
2018/3/13,17.64975
2018/3/14,17.668667
2018/3/15,17.479494
2018/3/16,17.630836
2018/3/19,18.217266
2018/3/20,18.018635
2018/3/21,17.706499
2018/3/22,17.384907
2018/3/23,15.653985
2018/3/26,16.051245
2018/3/27,16.410673
2018/3/28,16.193127
2018/3/29,16.344463
2018/3/30,16.618761
2018/4/2,16.476887
2018/4/3,16.003952
2018/4/4,15.985035
2018/4/9,16.022873
2018/4/10,16.183668
2018/4/11,16.893064
2018/4/12,16.609304
2018/4/13,16.77956
2018/4/16,16.391756
2018/4/17,15.928287
2018/4/18,16.164749
2018/4/19,16.079622
2018/4/20,15.710739
2018/4/23,15.691819
2018/4/24,16.022873
2018/4/25,15.937744
2018/4/26,15.521565
2018/4/27,15.531025
2018/5/2,15.540483
2018/5/3,15.493189
2018/5/4,15.568856
2018/5/7,16.183668
2018/5/8,16.136374
2018/5/9,16.2215
2018/5/10,16.457968
2018/5/11,16.760639
2018/5/14,16.457968
2018/5/15,16.580931
2018/5/16,16.268797
2018/5/17,16.836309
2018/5/18,16.732264
2018/5/21,17.025482
2018/5/22,16.893064
2018/5/23,16.439045
2018/5/24,16.582581
2018/5/25,16.06587
2018/5/28,16.04673
2018/5/29,15.951044
2018/5/30,15.300372
2018/5/31,15.434334
2018/6/1,15.338647
2018/6/4,15.644847
2018/6/5,15.912769
2018/6/6,15.884064
2018/6/7,15.663984
2018/6/8,15.491747
2018/6/11,15.415197
2018/6/12,14.955898
2018/6/13,14.525307
2018/6/14,14.687976
2018/6/15,14.477463
2018/6/19,13.032587
2018/6/20,13.137842
2018/6/21,12.735958
2018/6/22,13.061293
2018/6/25,13.166549
2018/6/26,13.405767
2018/6/27,13.185687
2018/6/28,12.860349
2018/6/29,13.415337
2018/7/2,13.137842
2018/7/3,13.310081
2018/7/4,12.927333
2018/7/5,12.71682
2018/7/6,12.831644
2018/7/9,13.08043
2018/7/10,13.128275
2018/7/11,13.520592
2018/7/12,13.778947
2018/7/13,13.874634
2018/7/16,13.539729
2018/7/17,13.721535
2018/7/18,13.444041
2018/7/19,13.243099
2018/7/20,13.520592
2018/7/23,13.625847
2018/7/24,13.759809
2018/7/25,13.673692
2018/7/26,13.539729
2018/7/27,13.46318
2018/7/30,13.310081
2018/7/31,13.128275
2018/8/1,13.128275
2018/8/2,12.353208
2018/8/3,12.334071
2018/8/6,11.865203
2018/8/7,12.343639
2018/8/8,12.247953
2018/8/9,12.448895
2018/8/10,12.429758
2018/8/13,12.439326
2018/8/14,12.410622
2018/8/15,12.209678
2018/8/16,11.999166
2018/8/17,11.922615
2018/8/20,12.037442
2018/8/21,12.085285
2018/8/22,11.884342
2018/8/23,11.97046
2018/8/24,11.97046
2018/8/27,12.142696
2018/8/28,12.209678
2018/8/29,12.152267
2018/8/30,11.826929
2018/8/31,11.683398
2018/9/3,11.472887
2018/9/4,11.539868
2018/9/5,11.300651
2018/9/6,11.042295
2018/9/7,11.061433
2018/9/10,10.63084
2018/9/11,10.726528
2018/9/12,10.984882
2018/9/13,10.994451
2018/9/14,10.994451
2018/9/17,10.697823
2018/9/18,10.92747
2018/9/19,10.975314
2018/9/20,11.109275
2018/9/21,11.386767
2018/9/25,11.195395
2018/9/26,11.233669
2018/9/27,10.984882
2018/9/28,11.262375
2018/10/8,10.870057
2018/10/9,11.147551
2018/10/10,11.109275
2018/10/11,9.999305
2018/10/12,9.482595
2018/10/15,9.243378
2018/10/16,8.908472
2018/10/17,9.099847
2018/10/18,8.803217
2018/10/19,9.032864
2018/10/22,9.460686
2018/10/23,9.295392
2018/10/24,9.450963
2018/10/25,9.334286
2018/10/26,9.382901
2018/10/29,9.217606
2018/10/30,9.363455
2018/10/31,9.460686
2018/11/1,9.528749
2018/11/2,9.927401
2018/11/5,9.898231
2018/11/6,9.810723
2018/11/7,9.917678
2018/11/8,9.74266
2018/11/9,9.800999
2018/11/12,10.024633
2018/11/13,10.384392
2018/11/14,10.219097
2018/11/15,10.433007
2018/11/16,11.473392
2018/11/19,11.910936
2018/11/20,12.397097
2018/11/21,13.515266
2018/11/22,12.815195
2018/11/23,11.813704
2018/11/26,11.901214
2018/11/27,11.978998
2018/11/28,12.173464
2018/11/29,11.385881
2018/11/30,11.658133
2018/12/3,12.076231
2018/12/4,12.192909
2018/12/5,12.017891
2018/12/6,11.842875
2018/12/7,12.435989
2018/12/10,12.290142
2018/12/11,12.717962
2018/12/12,12.727687
2018/12/13,12.494328
2018/12/14,11.872043
2018/12/17,11.872043
2018/12/18,11.716472
2018/12/19,11.59007
2018/12/20,11.677579
2018/12/21,11.133079
2018/12/24,11.37616
2018/12/25,11.317821
2018/12/26,11.385881
2018/12/27,10.83166
2018/12/28,10.656641
2019/1/2,10.783044
2019/1/3,10.958061
2019/1/4,11.142802
2019/1/7,11.346989
2019/1/8,11.385881
2019/1/9,11.220589
2019/1/10,11.0164
2019/1/11,11.07474
2019/1/14,11.07474
2019/1/15,11.278927
2019/1/16,11.133079
2019/1/17,10.851105
2019/1/18,10.909445
2019/1/21,10.938615
2019/1/22,10.919168
2019/1/23,12.008168
2019/1/24,11.930384
2019/1/25,12.047061
2019/1/28,11.969276
2019/1/29,11.473392
2019/1/30,11.006677
2019/1/31,10.666366
2019/2/1,10.987231
2019/2/11,11.434499
2019/2/12,11.745642
2019/2/13,12.047061
2019/2/14,12.358203
2019/2/15,12.076231
2019/2/18,12.513776
2019/2/19,12.649899
2019/2/20,12.76658
2019/2/21,12.455437
2019/2/22,12.688792
2019/2/25,13.612498
2019/2/26,14.186168
2019/2/27,14.088936
2019/2/28,14.516757
2019/3/1,14.380632
2019/3/4,14.390356
2019/3/5,14.516757
2019/3/6,14.633436
2019/3/7,15.284891
2019/3/8,13.797238
2019/3/11,14.954302
2019/3/12,15.284891
2019/3/13,15.926623
2019/3/14,15.459909
2019/3/15,15.547419
2019/3/18,15.64465
2019/3/19,15.352955
2019/3/20,15.109874
2019/3/21,15.634926
2019/3/22,16.762819
2019/3/25,17.317043
2019/3/26,15.761327
2019/3/27,15.771052
2019/3/28,14.555651
2019/3/29,14.837623
2019/4/1,15.411293
2019/4/2,15.819669
2019/4/3,15.605757
2019/4/4,15.946069
2019/4/8,16.393339
2019/4/9,15.975239
2019/4/10,16.004408
2019/4/11,15.907177
2019/4/12,15.848837
2019/4/15,15.664097
2019/4/16,15.527972
2019/4/17,15.751607
2019/4/18,15.168213
2019/4/19,15.139043
2019/4/22,14.779284
2019/4/23,14.477864
2019/4/24,14.613989
2019/4/25,14.030597
2019/4/26,13.612498
2019/5/6,11.949829
2019/5/7,11.949829
2019/5/8,11.930384
2019/5/9,11.881767
2019/5/10,12.319311
2019/5/13,12.154016
2019/5/14,11.949829
2019/5/15,12.173464
2019/5/16,12.416544
2019/5/17,11.706749
2019/5/20,11.580346
2019/5/21,12.076231
2019/5/22,11.658133
2019/5/23,11.580346
2019/5/24,11.453944
2019/5/27,11.803982
2019/5/28,11.745642
2019/5/29,11.745642
2019/5/30,11.920659
2019/5/31,11.658133
2019/6/3,11.444221
2019/6/4,11.531731
2019/6/5,11.784534
2019/6/6,11.28865
2019/6/10,11.395606
2019/6/11,11.794258
2019/6/12,11.803982
2019/6/13,12.076231
2019/6/14,11.813704
2019/6/17,11.959552
2019/6/18,11.920659
2019/6/19,11.881767
2019/6/20,11.930384
2019/6/21,12.027616
2019/6/24,11.969276
2019/6/25,11.716472
2019/6/26,11.726195
2019/6/27,11.755365
2019/6/28,11.512284
2019/7/1,12.659625
2019/7/2,12.824918
2019/7/3,13.680561
2019/7/4,13.311078
2019/7/5,13.034792
2019/7/8,12.511823
2019/7/9,13.764977
2019/7/10,13.824183
2019/7/11,14.366887
2019/7/12,15.66938
2019/7/15,15.412828
2019/7/16,15.550971
2019/7/17,14.791183
2019/7/18,15.008266
2019/7/19,15.452297
2019/7/22,14.041264
2019/7/23,14.159674
2019/7/24,14.416224
2019/7/25,13.972192
2019/7/26,13.646569
2019/7/29,13.528161
2019/7/30,13.676171
2019/7/31,13.074263
2019/8/1,13.182803
2019/8/2,13.538029
2019/8/5,13.814315
2019/8/6,13.301211
2019/8/7,13.784714
2019/8/8,13.232141
2019/8/9,12.659833
2019/8/12,12.876915
2019/8/13,13.468956
2019/8/14,13.390018
2019/8/15,13.952459
2019/8/16,13.676171
2019/8/19,14.051132
2019/8/20,13.814315
2019/8/21,13.972192
2019/8/22,13.340682
2019/8/23,13.074263
2019/8/26,13.222273
2019/8/27,13.271609
2019/8/28,13.340682
2019/8/29,13.390018
2019/8/30,12.955854
2019/9/2,13.271609
2019/9/3,13.320947
2019/9/4,13.271609
2019/9/5,13.695907
2019/9/6,14.179407
2019/9/9,14.209009
2019/9/10,14.297815
2019/9/11,13.972192
2019/9/12,14.060999
2019/9/16,14.041264
2019/9/17,13.735376
2019/9/18,13.863651
2019/9/19,14.50503
2019/9/20,14.248479
2019/9/23,13.98206
2019/9/24,13.912989
2019/9/25,13.202538
2019/9/26,12.778241
2019/9/27,12.886783
2019/9/30,12.926252
2019/10/8,12.81771
2019/10/9,12.995323
2019/10/10,13.04466
2019/10/11,12.985455
2019/10/14,13.232141
2019/10/15,12.847313
2019/10/16,12.699303
2019/10/17,12.640099
2019/10/18,12.492087
2019/10/21,12.14673
2019/10/22,11.43628
2019/10/23,11.278402
2019/10/24,11.308003
2019/10/25,11.35734
2019/10/28,11.574422
2019/10/29,11.377075
2019/10/30,11.140258
2019/10/31,11.100789
2019/11/1,11.258666
2019/11/4,11.288268
2019/11/5,11.446147
2019/11/6,11.742167
2019/11/7,11.682963
2019/11/8,11.446147
2019/11/11,11.031717
2019/11/12,11.416544
2019/11/13,11.288268
2019/11/14,11.199463
2019/11/15,11.110657
2019/11/18,11.20933
2019/11/19,11.604025
2019/11/20,11.416544
2019/11/21,11.465881
2019/11/22,11.58429
2019/11/25,11.594157
2019/11/26,11.821106
2019/11/27,11.959249
2019/11/28,11.811239
2019/11/29,11.840841
2019/12/2,11.663229
2019/12/3,11.594157
2019/12/4,11.495483
2019/12/5,11.534953
2019/12/6,11.969117
2019/12/9,11.821106
2019/12/10,11.781636
2019/12/11,11.653361
2019/12/12,11.594157
2019/12/13,11.732301
2019/12/16,11.840841
2019/12/17,12.186199
2019/12/18,12.196067
2019/12/19,12.245403
2019/12/20,11.959249
2019/12/23,11.949382
2019/12/24,12.679567
2019/12/25,12.620363
2019/12/26,13.143332
2019/12/27,12.857181
2019/12/30,12.886783
2019/12/31,12.936118
2020/1/2,13.04466
2020/1/3,12.896649
2020/1/6,13.242007
2020/1/7,13.222273
2020/1/8,12.906517
2020/1/9,13.261742
2020/1/10,12.965722
2020/1/13,13.666305
2020/1/14,13.843917
2020/1/15,13.597233
2020/1/16,13.488692
2020/1/17,13.79458
2020/1/20,13.695907
2020/1/21,13.133468
2020/1/22,12.06779
2020/1/23,11.909912
2020/2/3,10.706095
2020/2/4,10.804768
2020/2/5,11.238933
2020/2/6,11.485617
2020/2/7,11.35734
2020/2/10,11.534953
2020/2/11,11.495483
2020/2/12,11.880311
2020/2/13,11.969117
2020/2/14,11.830974
2020/2/17,12.136863
2020/2/18,12.797976
2020/2/19,12.975588
2020/2/20,13.478824
2020/2/21,13.814315
2020/2/24,13.863651
2020/2/25,13.705773
2020/2/26,13.419621
2020/2/27,13.222273
2020/2/28,11.900046
2020/3/2,12.176332
2020/3/3,12.077658
2020/3/4,12.048056
2020/3/5,12.176332
2020/3/6,12.235536
2020/3/9,11.623758
2020/3/10,12.077658
2020/3/11,11.949382
2020/3/12,13.143332
2020/3/13,13.577497
2020/3/16,12.334209
2020/3/17,12.886783
2020/3/18,11.998719
2020/3/19,11.604025
2020/3/20,11.43628
2020/3/23,10.528481
2020/3/24,10.706095
2020/3/25,11.189595
2020/3/26,10.903441
2020/3/27,10.785033
2020/3/30,10.548216
2020/3/31,10.804768
2020/4/1,10.903441
2020/4/2,11.041584
2020/4/3,10.883706
2020/4/7,11.13039
2020/4/8,11.081054
2020/4/9,11.071187
2020/4/10,10.854104
2020/4/13,11.051452
2020/4/14,11.238933
2020/4/15,11.051452
2020/4/16,11.268535
2020/4/17,11.100789
2020/4/20,11.031717
2020/4/21,10.883706
2020/4/22,11.140258
2020/4/23,10.933043
2020/4/24,10.725829
2020/4/27,10.567951
2020/4/28,10.153522
2020/4/29,10.133786
2020/4/30,10.341002
2020/5/6,10.538349
2020/5/7,10.558084
2020/5/8,10.686358
2020/5/11,10.567951
2020/5/12,10.459411
2020/5/13,10.528481
2020/5/14,10.390338
2020/5/15,10.419941
2020/5/18,10.281797
2020/5/19,10.834369
2020/5/20,10.607421
2020/5/21,10.419941
2020/5/22,10.429807
2020/5/25,10.429807
2020/5/26,10.567951
2020/5/27,10.360542
2020/5/28,10.390173
2020/5/29,10.380296
2020/6/1,10.666717
2020/6/2,10.854371
2020/6/3,10.7161
2020/6/4,10.785236
2020/6/5,10.68647
2020/6/8,10.735853
2020/6/9,10.65684
2020/6/10,10.528444
2020/6/11,10.637087
2020/6/12,10.528444
2020/6/15,10.479061
2020/6/16,10.68647
2020/6/17,10.637087
2020/6/18,10.637087
2020/6/19,10.854371
2020/6/22,10.943261
2020/6/23,10.735853
2020/6/24,10.607457
2020/6/29,10.449431
2020/6/30,10.508692
2020/7/1,10.558074
2020/7/2,10.785236
2020/7/3,10.893878
2020/7/6,11.348201
2020/7/7,11.486474
2020/7/8,11.911167
2020/7/9,11.950673
2020/7/10,11.782772
2020/7/13,12.414873
2020/7/14,12.918579
2020/7/15,12.237095
2020/7/16,11.516103
2020/7/17,11.367954
2020/7/20,11.782772
2020/7/21,11.644499
2020/7/22,11.674129
2020/7/23,11.308695
2020/7/24,10.953138
2020/7/27,11.200052
2020/7/28,11.209929
2020/7/29,11.407461
2020/7/30,11.249435
2020/7/31,11.269189
2020/8/3,11.52598
2020/8/4,11.46672
2020/8/5,11.46672
2020/8/6,11.358078
2020/8/7,11.249435
2020/8/10,11.328448
2020/8/11,11.042027
2020/8/12,11.219806
2020/8/13,11.308695
2020/8/14,11.338325
2020/8/17,11.52598
2020/8/18,11.61487
2020/8/19,11.239558
2020/8/20,11.249435
2020/8/21,11.200052
2020/8/24,11.239558
2020/8/25,11.081533
2020/8/26,10.795113
2020/8/27,10.903755
2020/8/28,10.923509
2020/8/31,10.943261
2020/9/1,11.071657
2020/9/2,12.177835
2020/9/3,12.977839
2020/9/4,12.553145
2020/9/7,12.385242
2020/9/8,12.306231
2020/9/9,11.170424
2020/9/10,10.864248
2020/9/11,11.219806
2020/9/14,11.298818
2020/9/15,11.476597
2020/9/16,11.940797
2020/9/17,13.125987
2020/9/18,13.155617
2020/9/21,12.849443
2020/9/22,12.375367
2020/9/23,12.404997
2020/9/24,12.01981
2020/9/25,12.088945
2020/9/28,12.48401
2020/9/29,12.987715
2020/9/30,12.849443
2020/10/9,13.570434
2020/10/12,14.16303
2020/10/13,13.846979
2020/10/14,14.785255
2020/10/15,14.617353
2020/10/16,14.311178
2020/10/19,14.321054
2020/10/20,15.743283
2020/10/21,15.733407
2020/10/22,16.079088
2020/10/23,15.535875
2020/10/26,15.703777
2020/10/27,15.930939
2020/10/28,15.930939
2020/10/29,14.735872
2020/10/30,14.53834
2020/11/2,15.772914
2020/11/3,15.051923
2020/11/4,15.249454
2020/11/5,16.118595
2020/11/6,15.525999
2020/11/9,16.039581
2020/11/10,16.691435
2020/11/11,16.167978
2020/11/12,16.098841
2020/11/13,16.365509
2020/11/16,15.743283
2020/11/17,14.745749
2020/11/18,14.044511
2020/11/19,14.133401
2020/11/20,14.409944
2020/11/23,14.725995
2020/11/24,15.772914
2020/11/25,16.177853
2020/11/26,16.24699
2020/11/27,15.930939
2020/11/30,15.417356
2020/12/1,16.958103
2020/12/2,16.809956
2020/12/3,16.118595
2020/12/4,16.187729
2020/12/7,15.921063
2020/12/8,17.046993
2020/12/9,16.217361
2020/12/10,15.851925
2020/12/11,15.81242
2020/12/14,16.345755
2020/12/15,16.088964
2020/12/16,16.632177
2020/12/17,16.424767
2020/12/18,17.017363
2020/12/21,18.172924
2020/12/22,18.172924
2020/12/23,18.50873
2020/12/24,18.232183
2020/12/25,20.059353
2020/12/28,20.266764
2020/12/29,18.696384
2020/12/30,19.427252
2020/12/31,19.78281
2021/1/4,20.474169
2021/1/5,20.424788
2021/1/6,19.526018
2021/1/7,19.644537
2021/1/8,19.249472
2021/1/11,17.333414
2021/1/12,17.906256
2021/1/13,18.528482
2021/1/14,19.160583
2021/1/15,19.061817
2021/1/18,20.968
2021/1/19,21.965534
2021/1/20,23.693939
2021/1/21,23.318628
2021/1/22,23.782829
2021/1/25,26.163084
2021/1/26,25.244562
2021/1/27,24.987772
2021/1/28,23.901346
2021/1/29,23.80258
2021/2/1,22.518623
2021/2/2,24.770485
2021/2/3,25.935925
2021/2/4,23.595173
2021/2/5,23.002577
2021/2/8,22.409983
2021/2/9,23.200108
2021/2/10,22.538378
2021/2/18,23.22974
2021/2/19,22.12356
2021/2/22,23.693939
2021/2/23,21.590225
2021/2/24,20.928493
2021/2/25,20.958122
2021/2/26,20.405033
2021/3/1,22.133436
2021/3/2,22.439611
2021/3/3,23.506283
2021/3/4,22.963072
2021/3/5,22.024796
2021/3/8,21.728497
2021/3/9,21.353188
2021/3/10,21.649485
2021/3/11,22.12356
2021/3/12,20.730961
2021/3/15,20.869234
2021/3/16,19.960587
2021/3/17,21.955658
2021/3/18,22.024796
2021/3/19,20.651949
2021/3/22,20.958122
2021/3/23,19.861822
2021/3/24,18.696384
2021/3/25,18.963053
2021/3/26,19.723549
2021/3/29,19.466757
2021/3/30,19.387745
2021/3/31,19.743301
2021/4/1,19.832191
2021/4/2,19.822315
2021/4/6,21.076641
2021/4/7,20.316145
2021/4/8,19.78281
2021/4/9,19.842068
2021/4/12,18.716137
2021/4/13,18.726013
2021/4/14,19.298859
2021/4/15,18.814901
2021/4/16,18.795151
2021/4/19,20.671701
2021/4/20,20.671701
2021/4/21,20.701332
2021/4/22,20.839603
2021/4/23,22.311214
2021/4/26,22.775415
2021/4/27,22.735909
2021/4/28,23.36801
2021/4/29,23.358133
2021/4/30,23.624802
2021/5/6,23.506283
2021/5/7,22.913687
2021/5/10,23.644556
2021/5/11,22.400105
2021/5/12,23.427271
2021/5/13,22.963072
2021/5/14,23.121096
2021/5/17,24.118631
2021/5/18,24.58283
2021/5/19,25.175426
2021/5/20,25.175426
2021/5/21,24.889006
2021/5/24,24.859375
2021/5/25,25.402588
2021/5/26,24.464314
2021/5/27,24.553202
2021/5/28,27.012472
2021/5/31,29.718658
2021/6/1,29.610014
2021/6/2,28.938406
2021/6/3,31.763113
2021/6/4,34.943375
2021/6/7,33.876701
2021/6/8,33.669292
2021/6/9,33.56065
2021/6/10,36.543381
2021/6/11,33.580402
2021/6/15,33.708801
2021/6/16,30.340883
2021/6/17,30.637182
2021/6/18,31.30879
2021/6/21,31.763113
2021/6/22,32.177929
2021/6/23,32.691509
2021/6/24,31.091503
2021/6/25,31.368048
2021/6/28,33.076698
2021/6/29,34.449543
2021/6/30,35.101398
2021/7/1,34.686581
2021/7/2,37.037209
2021/7/5,39.061909
2021/7/6,39.980434
2021/7/7,39.743397
2021/7/8,39.289074
2021/7/9,40.671799
2021/7/12,41.422413
2021/7/13,45.382927
2021/7/14,41.343403
2021/7/15,41.916245
2021/7/16,41.886616
2021/7/19,43.140945
2021/7/20,42.854523
2021/7/21,45.777988
2021/7/22,50.360729
2021/7/23,51.15086
2021/7/26,51.871849
2021/7/27,46.686638
2021/7/28,46.815037
2021/7/29,49.80764
2021/7/30,48.760719
2021/8/2,47.516273
2021/8/3,47.061951
2021/8/4,51.23975
2021/8/5,49.066898
2021/8/6,53.975563
2021/8/9,51.703945
2021/8/10,51.93111
2021/8/11,52.958271
2021/8/12,52.839756
2021/8/13,51.249622
2021/8/16,46.7854
2021/8/17,45.847126
2021/8/18,47.358246
2021/8/19,49.323689
2021/8/20,49.392822
2021/8/23,49.975544
2021/8/24,54.973095
2021/8/25,56.602737
2021/8/26,52.019997
2021/8/27,53.234818
2021/8/30,53.718769
2021/8/31,55.773102
2021/9/1,51.358265
2021/9/2,52.355801
2021/9/3,48.681713
2021/9/6,49.412579
2021/9/7,52.336048
2021/9/8,51.950859
2021/9/9,52.91877
2021/9/10,55.36816
2021/9/13,54.074329
2021/9/14,56.020016
2021/9/15,59.585468
2021/9/16,55.990383
2021/9/17,58.024963
2021/9/22,58.963242
2021/9/23,56.484215
2021/9/24,56.573101
2021/9/27,53.59037
2021/9/28,52.770615
2021/9/29,49.244675
2021/9/30,53.066917
2021/10/8,55.358284
2021/10/11,52.247162
2021/10/12,52.326168
2021/10/13,52.375553
2021/10/14,51.437283
2021/10/15,53.234818
2021/10/18,54.795315
2021/10/19,55.141003
2021/10/20,58.271881
2021/10/21,59.476826
2021/10/22,59.970654
2021/10/25,63.25061
2021/10/26,62.031769
2021/10/27,63.825344
2021/10/28,60.822845
2021/10/29,61.457035
2021/11/1,60.436386
2021/11/2,58.068077
2021/11/3,56.472694
2021/11/4,55.977234
2021/11/5,54.20348
2021/11/8,55.541225
2021/11/9,55.253857
2021/11/10,51.022621
2021/11/11,51.805447
2021/11/12,53.777386
2021/11/15,51.993725
2021/11/16,50.85416
2021/11/17,52.370274
2021/11/18,51.349625
2021/11/19,50.527157
2021/11/22,52.400002
2021/11/23,51.062256
2021/11/24,49.764149
2021/11/25,47.366112
2021/11/26,47.544479
2021/11/29,47.881393
2021/11/30,48.257946
2021/12/1,47.930939
2021/12/2,49.932602
2021/12/3,49.575871
2021/12/6,49.248867
2021/12/7,46.979652
2021/12/8,47.435478
2021/12/9,46.722015
2021/12/10,47.336388
2021/12/13,47.891304
2021/12/14,46.76165
2021/12/15,46.791378
2021/12/16,45.295082
2021/12/17,43.253784
2021/12/20,42.609684
2021/12/21,42.946598
2021/12/22,44.581623
2021/12/23,44.105976
2021/12/24,42.441227
2021/12/27,42.807869
2021/12/28,44.294254
2021/12/29,43.927612
2021/12/30,43.967247
2021/12/31,44.581623
2022/1/4,42.5205
2022/1/5,40.776478
2022/1/6,41.400757
2022/1/7,41.400757
2022/1/10,41.014297
2022/1/11,40.885475
2022/1/12,42.173679
2022/1/13,40.568382
2022/1/14,41.262028
2022/1/17,41.351212
2022/1/18,40.380108
2022/1/19,38.596447
2022/1/20,39.547733
2022/1/21,40.608017
2022/1/24,41.470119
2022/1/25,43.045689
2022/1/26,43.511421
2022/1/27,41.321484
2022/1/28,41.053936
2022/2/7,41.826855
2022/2/8,40.548561
2022/2/9,41.916035
2022/2/10,41.14312
2022/2/11,41.470119
2022/2/14,40.905296
2022/2/15,42.579956
2022/2/16,42.074585
2022/2/17,43.65015
2022/2/18,43.204235
2022/2/21,42.619591
2022/2/22,43.590698
2022/2/23,45.582451
2022/2/24,44.452801
2022/2/25,44.789715
2022/2/28,44.541985
2022/3/1,43.531242
2022/3/2,43.273602
2022/3/3,41.678219
2022/3/4,41.044022
2022/3/7,39.250454
2022/3/8,37.63525
2022/3/9,36.049774
2022/3/10,39.656734
2022/3/11,43.006054
2022/3/14,42.292587
2022/3/15,41.777309
2022/3/16,43.253784
2022/3/17,42.411499
2022/3/18,42.391678
2022/3/21,43.521332
2022/3/22,42.887142
2022/3/23,42.490772
2022/3/24,42.867321
2022/3/25,40.132378
2022/3/28,38.477535
2022/3/29,39.428822
2022/3/30,40.211651
2022/3/31,38.992813
2022/4/1,39.042362
2022/4/6,38.011803
2022/4/7,37.288429
2022/4/8,37.238884
2022/4/11,35.098488
2022/4/12,35.177761
2022/4/13,34.365204
2022/4/14,34.404842
2022/4/15,33.869743
2022/4/18,34.959759
2022/4/19,35.276852
2022/4/20,34.533661
2022/4/21,32.75
2022/4/22,32.939999
2022/4/25,30.17
2022/4/26,28.58
2022/4/27,31.09
2022/4/28,30.48
2022/4/29,31.700001
2022/5/5,32.029999
2022/5/6,31.27
2022/5/9,31.42
2022/5/10,31.950001
2022/5/11,32.959999
2022/5/12,32.990002
2022/5/13,33.040001
2022/5/16,32.970001
2022/5/17,34.189999
2022/5/18,34.209999
2022/5/19,37.630001
2022/5/20,39.150002
2022/5/23,39.150002
2022/5/24,39.299999
2022/5/25,39.5
2022/5/26,38.490002
2022/5/27,38.080002
2022/5/30,38.619999
2022/5/31,38.689999
2022/6/1,39.150002
2022/6/2,39.389999
2022/6/6,41.68
2022/6/7,40.18
2022/6/8,39.84
2022/6/9,39.07
2022/6/10,40.200001
2022/6/13,40.77
2022/6/14,42
2022/6/15,40.84
2022/6/16,40.27
2022/6/17,41.389999
2022/6/20,41.799999
2022/6/21,40.259998
2022/6/22,39.349998
2022/6/23,41.290001
2022/6/24,42.919998
2022/6/27,43.189999
2022/6/28,47.509998
2022/6/29,46
2022/6/30,48.91
2022/7/1,48.66
2022/7/4,53.529999
2022/7/5,53.82
2022/7/6,53.380001
2022/7/7,54.950001
2022/7/8,51.029999
2022/7/11,47.599998
2022/7/12,46.450001
2022/7/13,46.830002
2022/7/14,48.75
2022/7/15,48.52
2022/7/18,49.139999
2022/7/19,50.959999
2022/7/20,50.91
2022/7/21,48.77
2022/7/22,48.049999
2022/7/25,49.91
2022/7/26,50.900002
2022/7/27,50.060001
2022/7/28,48.84
2022/7/29,48.599998
2022/8/1,49.610001
2022/8/2,47.049999
2022/8/3,46.549999
2022/8/4,47.200001
2022/8/5,47.5
2022/8/8,48.639999
2022/8/9,50.09
2022/8/10,47.18
2022/8/11,48.139999
2022/8/12,47.09
2022/8/15,47.459999
2022/8/16,46.990002
2022/8/17,45.360001
2022/8/18,45.450001
2022/8/19,43.200001
2022/8/22,44.689999
2022/8/23,44.810001
2022/8/24,43.380001
2022/8/25,42.610001
2022/8/26,42.779999
2022/8/29,42.099998
2022/8/30,42.169998
2022/8/31,40.610001
2022/9/1,40.400002
2022/9/2,40.279999
2022/9/5,40.34
2022/9/6,41.279999
2022/9/7,41.25
2022/9/8,40.450001
2022/9/9,40.459999
2022/9/13,40.57
2022/9/14,39.59
2022/9/15,38.27
2022/9/16,37.5
2022/9/19,37.59
2022/9/20,38.41
2022/9/21,38.450001
2022/9/22,38.98
2022/9/23,40.299999
2022/9/26,39.029999
2022/9/27,38.16
2022/9/28,36.41
2022/9/29,37.169998
2022/9/30,35.900002
2022/10/10,34.68
2022/10/11,36.810001
2022/10/12,37.740002
2022/10/13,37.779999
2022/10/14,38.619999
2022/10/17,38.209999
2022/10/18,38.43
2022/10/19,37.869999
2022/10/20,37.34
2022/10/21,36.900002
2022/10/24,36.369999
2022/10/25,36.790001
2022/10/26,37.18
2022/10/27,36.59
2022/10/28,32.93
2022/10/31,31.15
2022/11/1,32.580002
2022/11/2,32.830002
2022/11/3,33.299999
2022/11/4,34.970001
2022/11/7,35.209999
2022/11/8,35.279999
2022/11/9,34.68
2022/11/10,33.959999
2022/11/11,34.189999
2022/11/14,33.43
2022/11/15,34.799999
2022/11/16,34.32
2022/11/17,33.639999
2022/11/18,33.220001
2022/11/21,33.73
2022/11/22,33.18
2022/11/23,33.59
2022/11/24,36.950001
2022/11/25,36.060001
2022/11/28,38.220001
2022/11/29,38.259998
2022/11/30,38.099998
2022/12/1,37.5
2022/12/2,39
2022/12/5,38.98
2022/12/6,38.919998
2022/12/7,38.599998
2022/12/8,37.759998
2022/12/9,37.619999
2022/12/12,37.59
2022/12/13,37.150002
2022/12/14,37.25
2022/12/15,37.790001
2022/12/16,35.349998
2022/12/19,35.57
2022/12/20,34.939999
2022/12/21,34.5
2022/12/22,33.450001
2022/12/23,33.240002
2022/12/26,34.759998
2022/12/27,34.759998
2022/12/28,33.900002
2022/12/29,33.73
2022/12/30,33.32
2023/1/3,33.790001
2023/1/4,33.27
2023/1/5,34.02
2023/1/6,34.700001
2023/1/9,34.650002
2023/1/10,35.099998
2023/1/11,34.43
2023/1/12,34.959999
2023/1/13,34.860001
2023/1/16,35.43
2023/1/17,35.459999
2023/1/18,35.5
2023/1/19,35.529999
2023/1/20,36.09
2023/1/30,36.169998
2023/1/31,36.84
2023/2/1,37.130001
2023/2/2,37
2023/2/3,36.360001
2023/2/6,36.169998
2023/2/7,36.060001
2023/2/8,36.130001
2023/2/9,36.369999
2023/2/10,35.959999
2023/2/13,37.139999
2023/2/14,37.98
2023/2/15,37.599998
2023/2/16,37.200001
2023/2/17,36.060001
2023/2/20,35.740002
2023/2/21,36.099998
2023/2/22,35.669998
2023/2/23,37.549999
2023/2/24,37.009998
2023/2/27,36.34
2023/2/28,36.5
2023/3/1,36.279999
2023/3/2,35.509998
2023/3/3,35.529999
2023/3/6,35.139999
2023/3/7,34.650002
2023/3/8,34.799999
2023/3/9,35.07
2023/3/10,34.099998
2023/3/13,33.759998
2023/3/14,33.209999
2023/3/15,33.349998
2023/3/16,32.400002
2023/3/17,32.279999
2023/3/20,32.439999
2023/3/21,33.299999
2023/3/22,33.18
2023/3/23,33.720001
2023/3/24,33.75
2023/3/27,33.599998
2023/3/28,33.07
2023/3/29,32.869999
2023/3/30,33.080002
2023/3/31,33.209999
2023/4/3,33.439999
2023/4/4,32.720001
2023/4/6,32.060001
2023/4/7,32.09
2023/4/10,34.049999
2023/4/11,33.849998
2023/4/12,33.48
